{"cameraMode":{"drawMode":0,"name":"Shaded","section":"Shading Mode"},"sceneLighting":true,"audioPlay":false,"sceneViewState":{"showFog":true,"showMaterialUpdate":false,"showSkybox":true,"showFlares":true,"showImageEffects":true,"showParticleSystems":true,"showVisualEffectGraphs":true,"m_FxEnabled":true},"in2DMode":false,"pivot":{"x":-0.44482922554016116,"y":-5.8286285400390629,"z":36.53657913208008},"rotation":{"x":0.1295352727174759,"y":-0.0011744110379368067,"z":0.0001698641135590151,"w":0.9915868639945984},"size":23.273012161254884,"orthographic":false}